raster_number,x_mm,y_mm,charge_v,timestamp,image_path
1,117.50199630511781,15.000801741842363,762.7545519163025,1784496817.2012575,raster_data/images/session_20260719_143156/raster_0001.jpg
1,117.67329748897563,15.06959850317902,763.4180101417084,1784496817.2112179,raster_data/images/session_20260719_143156/raster_0001.jpg
1,118.13383431650335,15.25455602359209,766.0208077952236,1784496817.221399,raster_data/images/session_20260719_143156/raster_0001.jpg
1,118.77675133991478,15.512759779239339,765.2042438254934,1784496817.230346,raster_data/images/session_20260719_143156/raster_0001.jpg
1,119.80151705227044,15.924318885552553,765.9697725471154,1784496817.2407227,raster_data/images/session_20260719_143156/raster_0001.jpg
1,121.25873931860512,16.509558112823147,765.1021733292771,1784496817.252025,raster_data/images/session_20260719_143156/raster_0001.jpg
1,122.45993003204092,16.991971771450515,765.2042438254934,1784496817.2597535,raster_data/images/session_20260719_143156/raster_0001.jpg
1,124.31315190210711,17.73624953899143,765.5614905622505,1784496817.2700222,raster_data/images/session_20260719_143156/raster_0001.jpg
1,126.49830471449917,18.613835047349824,764.5407856000876,1784496817.2804625,raster_data/images/session_20260719_143156/raster_0001.jpg
1,128.93805559581935,19.59367041872936,763.673186382249,1784496817.2907095,raster_data/images/session_20260719_143156/raster_0001.jpg
1,131.7075598051761,20.70593897298595,764.6428560963038,1784496817.301095,raster_data/images/session_20260719_143156/raster_0001.jpg
1,134.15008067267706,21.686886806485674,765.3063143217097,1784496817.3098688,raster_data/images/session_20260719_143156/raster_0001.jpg
1,137.28958283446138,22.947751303017473,763.8773273746816,1784496817.3211462,raster_data/images/session_20260719_143156/raster_0001.jpg
1,140.15569522849472,24.098818948294237,763.5711158860327,1784496817.3314416,raster_data/images/session_20260719_143156/raster_0001.jpg
1,143.18302727435304,25.31463448182021,758.7738025638671,1784496817.3423162,raster_data/images/session_20260719_143156/raster_0001.jpg
1,145.41620817402526,26.211508688503134,758.8248378119754,1784496817.350338,raster_data/images/session_20260719_143156/raster_0001.jpg
1,148.38871624606415,27.40530620815762,759.0289788044079,1784496817.3610156,raster_data/images/session_20260719_143156/raster_0001.jpg
1,151.36148980950165,28.599210352576613,758.008273842245,1784496817.371694,raster_data/images/session_20260719_143156/raster_0001.jpg
1,154.06764363585353,29.686036577235598,757.5999918573798,1784496817.381415,raster_data/images/session_20260719_143156/raster_0001.jpg
1,157.10957770863715,30.907716472809664,757.651027105488,1784496817.3923419,raster_data/images/session_20260719_143156/raster_0001.jpg
1,159.3292849198283,31.799179472693663,757.3958508649473,1784496817.4003153,raster_data/images/session_20260719_143156/raster_0001.jpg
1,162.32980233442385,33.004225905004034,757.8041328498124,1784496817.4110935,raster_data/images/session_20260719_143156/raster_0001.jpg
1,165.29779705268584,34.19621080366184,757.3448156168391,1784496817.4217548,raster_data/images/session_20260719_143156/raster_0001.jpg
1,167.47194529082753,35.06937673329192,757.1406746244065,1784496817.4297497,raster_data/images/session_20260719_143156/raster_0001.jpg
1,170.13155885347362,36.13751178873299,756.2730754065681,1784496817.4405425,raster_data/images/session_20260719_143156/raster_0001.jpg
1,172.55567919855997,37.111069735481685,756.2220401584599,1784496817.4517775,raster_data/images/session_20260719_143156/raster_0001.jpg
1,174.1949287420108,37.76941346126476,758.008273842245,1784496817.4604974,raster_data/images/session_20260719_143156/raster_0001.jpg
1,175.9260491200377,38.46465369726329,759.6924370298137,1784496817.4712582,raster_data/images/session_20260719_143156/raster_0001.jpg
1,177.3509550369249,39.03691426244795,758.722767315759,1784496817.4821584,raster_data/images/session_20260719_143156/raster_0001.jpg
1,178.1848352949541,39.37181131221149,757.5999918573798,1784496817.490143,raster_data/images/session_20260719_143156/raster_0001.jpg
1,179.03540212051286,39.71340990237307,757.9572385941369,1784496817.501023,raster_data/images/session_20260719_143156/raster_0001.jpg
1,179.55050591205588,39.92028221821069,758.6206968195426,1784496817.5117235,raster_data/images/session_20260719_143156/raster_0001.jpg
1,179.73182362150067,39.99310174520903,756.987568880082,1784496817.5201523,raster_data/images/session_20260719_143156/raster_0001.jpg
1,179.66553504923465,40.0,756.7323926395414,1784496817.5311246,raster_data/images/session_20260719_143156/raster_0001.jpg
1,179.26060621224008,40.0,756.1199696622436,1784496817.5417094,raster_data/images/session_20260719_143156/raster_0001.jpg
1,178.72520820142415,40.0,755.2523704444052,1784496817.5497904,raster_data/images/session_20260719_143156/raster_0001.jpg
1,177.72040840013707,40.0,754.6909827152156,1784496817.56044,raster_data/images/session_20260719_143156/raster_0001.jpg
1,176.3825149515238,40.0,755.3544409406214,1784496817.5710394,raster_data/images/session_20260719_143156/raster_0001.jpg
1,174.66307338151412,40.0,755.0992647000808,1784496817.5818942,raster_data/images/session_20260719_143156/raster_0001.jpg
1,172.76342305291203,40.0,753.6702777530527,1784496817.5919077,raster_data/images/session_20260719_143156/raster_0001.jpg
1,171.0365487147108,40.0,751.8840440692677,1784496817.5998774,raster_data/images/session_20260719_143156/raster_0001.jpg
1,168.31866124432682,40.0,752.343361302241,1784496817.610959,raster_data/images/session_20260719_143156/raster_0001.jpg
1,165.42018437264787,40.0,752.5475022946734,1784496817.6214023,raster_data/images/session_20260719_143156/raster_0001.jpg
1,162.20270569677348,40.0,750.9654096033211,1784496817.6321528,raster_data/images/session_20260719_143156/raster_0001.jpg
1,159.7865002905845,40.0,751.9350793173759,1784496817.6402068,raster_data/images/session_20260719_143156/raster_0001.jpg
1,156.58415730352397,40.0,751.0164448514291,1784496817.6508813,raster_data/images/session_20260719_143156/raster_0001.jpg
1,153.79415924901957,40.0,751.4757620844026,1784496817.6601813,raster_data/images/session_20260719_143156/raster_0001.jpg
1,150.56506569738383,40.0,751.0164448514291,1784496817.670945,raster_data/images/session_20260719_143156/raster_0001.jpg
1,147.33468468542094,40.0,750.7612686108885,1784496817.6817129,raster_data/images/session_20260719_143156/raster_0001.jpg
1,144.92870743627543,40.0,749.8426341449419,1784496817.6897328,raster_data/images/session_20260719_143156/raster_0001.jpg
1,141.74982483739848,40.0,749.3322816638605,1784496817.700329,raster_data/images/session_20260719_143156/raster_0001.jpg
1,138.44963486547465,40.0,750.5571276184559,1784496817.7113297,raster_data/images/session_20260719_143156/raster_0001.jpg
1,135.2357762610435,40.0,751.3736915881861,1784496817.7220426,raster_data/images/session_20260719_143156/raster_0001.jpg
1,132.87743504400248,40.0,750.4550571222396,1784496817.7299037,raster_data/images/session_20260719_143156/raster_0001.jpg
1,129.88101418371195,40.0,750.6591981146722,1784496817.7398918,raster_data/images/session_20260719_143156/raster_0001.jpg
1,126.6693013464927,40.0,749.8426341449419,1784496817.7505975,raster_data/images/session_20260719_143156/raster_0001.jpg
1,123.41932232732766,40.0,750.5060923703477,1784496817.7614307,raster_data/images/session_20260719_143156/raster_0001.jpg
1,120.18636639471048,40.0,749.2812464157522,1784496817.7722073,raster_data/images/session_20260719_143156/raster_0001.jpg
1,117.47776444311135,40.0,749.9447046411582,1784496817.781236,raster_data/images/session_20260719_143156/raster_0001.jpg
1,114.52933724279397,40.0,750.4550571222396,1784496817.791064,raster_data/images/session_20260719_143156/raster_0001.jpg
1,111.3375085150718,40.0,748.2095062054814,1784496817.8017035,raster_data/images/session_20260719_143156/raster_0001.jpg
1,108.38021214361184,40.0,748.9239996789952,1784496817.811561,raster_data/images/session_20260719_143156/raster_0001.jpg
1,105.92187817449563,40.0,748.4136471979139,1784496817.8197556,raster_data/images/session_20260719_143156/raster_0001.jpg
1,102.70050938482278,40.0,748.6688234384546,1784496817.8304935,raster_data/images/session_20260719_143156/raster_0001.jpg
1,99.44695408697123,40.0,746.8825897546695,1784496817.8413386,raster_data/images/session_20260719_143156/raster_0001.jpg
1,96.22551377172465,40.0,747.1888012433184,1784496817.8520768,raster_data/images/session_20260719_143156/raster_0001.jpg
1,93.80308564062113,40.0,747.1377659952102,1784496817.8601515,raster_data/images/session_20260719_143156/raster_0001.jpg
1,90.56970055456156,40.0,746.372237273588,1784496817.8709295,raster_data/images/session_20260719_143156/raster_0001.jpg
1,87.56998951787943,40.0,746.9336250027777,1784496817.8809285,raster_data/images/session_20260719_143156/raster_0001.jpg
1,84.34225495214457,40.0,746.3212020254799,1784496817.8916876,raster_data/images/session_20260719_143156/raster_0001.jpg
1,81.92733700628276,40.0,746.5253430179125,1784496817.8997374,raster_data/images/session_20260719_143156/raster_0001.jpg
1,78.68658478612895,40.0,746.2191315292637,1784496817.9105399,raster_data/images/session_20260719_143156/raster_0001.jpg
1,75.46943600530619,40.0,746.3212020254799,1784496817.9212637,raster_data/images/session_20260719_143156/raster_0001.jpg
1,72.24248822088236,40.0,746.2701667773717,1784496817.9320202,raster_data/images/session_20260719_143156/raster_0001.jpg
1,69.8433952305672,40.0,745.9639552887229,1784496817.9400265,raster_data/images/session_20260719_143156/raster_0001.jpg
1,67.00725841465095,40.0,746.1170610330472,1784496817.9501288,raster_data/images/session_20260719_143156/raster_0001.jpg
1,64.28971497169016,40.0,746.6274135141288,1784496817.9610324,raster_data/images/session_20260719_143156/raster_0001.jpg
1,61.977124665413044,40.0,746.2701667773717,1784496817.9716952,raster_data/images/session_20260719_143156/raster_0001.jpg
1,60.45948885522077,40.0,745.9129200406147,1784496817.979732,raster_data/images/session_20260719_143156/raster_0001.jpg
1,58.71441395393069,40.0,745.9129200406147,1784496817.990607,raster_data/images/session_20260719_143156/raster_0001.jpg
1,57.3315072183952,40.0,745.5556733038576,1784496818.001416,raster_data/images/session_20260719_143156/raster_0001.jpg
1,56.303472351377536,40.0,745.6067085519659,1784496818.0121698,raster_data/images/session_20260719_143156/raster_0001.jpg
1,55.705084417451104,40.0,745.5046380557496,1784496818.0212595,raster_data/images/session_20260719_143156/raster_0001.jpg
1,55.31720682195993,40.0,745.9639552887229,1784496818.0320148,raster_data/images/session_20260719_143156/raster_0001.jpg
1,55.24934233631454,40.002255447487556,745.7087790481821,1784496818.0400245,raster_data/images/session_20260719_143156/raster_0001.jpg
1,55.1213170035062,40.17644905368156,745.6577438000741,1784496818.050741,raster_data/images/session_20260719_143156/raster_0001.jpg
1,54.78489216963814,40.63419482742171,745.3515323114251,1784496818.061565,raster_data/images/session_20260719_143156/raster_0001.jpg
1,54.243915825729204,41.370257121844446,745.3515323114251,1784496818.0723288,raster_data/images/session_20260719_143156/raster_0001.jpg
1,53.69933405534702,42.111225025379575,744.9942855746682,1784496818.0804524,raster_data/images/session_20260719_143156/raster_0001.jpg
1,52.88726062244528,43.216146970657874,744.586003589803,1784496818.0902424,raster_data/images/session_20260719_143156/raster_0001.jpg
1,51.78351198207503,44.717927530647884,744.9942855746682,1784496818.1011357,raster_data/images/session_20260719_143156/raster_0001.jpg
1,50.50262953286214,46.460719586287496,744.2287568530461,1784496818.1117702,raster_data/images/session_20260719_143156/raster_0001.jpg
1,49.40688307425078,47.951612231616984,744.0756511087216,1784496818.1197684,raster_data/images/session_20260719_143156/raster_0001.jpg
1,47.7508998248423,50.204773287196176,744.586003589803,1784496818.1305442,raster_data/images/session_20260719_143156/raster_0001.jpg
1,45.90143171006905,52.72119338458005,743.514263379532,1784496818.1412833,raster_data/images/session_20260719_143156/raster_0001.jpg
1,44.082122326080004,55.196578962011536,743.4632281314238,1784496818.1520174,raster_data/images/session_20260719_143156/raster_0001.jpg
1,42.82125253030759,56.91214143585013,743.3611576352075,1784496818.1602762,raster_data/images/session_20260719_143156/raster_0001.jpg
1,41.470909747359954,58.74944249025803,743.4632281314238,1784496818.1701653,raster_data/images/session_20260719_143156/raster_0001.jpg
1,40.212783875532125,60.46127153106003,742.6976994098017,1784496818.1807988,raster_data/images/session_20260719_143156/raster_0001.jpg
1,39.13572263616352,61.92674072580343,742.0342411843958,1784496818.191653,raster_data/images/session_20260719_143156/raster_0001.jpg
1,38.44270413333597,62.86967435869167,741.8811354400713,1784496818.2000954,raster_data/images/session_20260719_143156/raster_0001.jpg
1,37.73219408729785,63.83640730475421,742.8508051541261,1784496818.2110505,raster_data/images/session_20260719_143156/raster_0001.jpg
1,37.2503225529059,64.49205051580236,741.9321706881794,1784496818.221578,raster_data/images/session_20260719_143156/raster_0001.jpg
1,36.95877212779483,64.88873934935938,740.8604304779086,1784496818.2324836,raster_data/images/session_20260719_143156/raster_0001.jpg
1,36.88176067327677,64.99352254098622,741.0135362222328,1784496818.239763,raster_data/images/session_20260719_143156/raster_0001.jpg
1,36.986067090964454,65.0,741.1666419665573,1784496818.250605,raster_data/images/session_20260719_143156/raster_0001.jpg
1,37.43936000399451,65.0,739.9417960119619,1784496818.2614405,raster_data/images/session_20260719_143156/raster_0001.jpg
1,38.23732190585929,65.0,740.0949017562864,1784496818.2721925,raster_data/images/session_20260719_143156/raster_0001.jpg
1,39.05592109032892,65.0,738.5128090649339,1784496818.2801912,raster_data/images/session_20260719_143156/raster_0001.jpg
1,40.45824807554993,65.0,737.8493508395278,1784496818.29094,raster_data/images/session_20260719_143156/raster_0001.jpg
1,42.22186647363557,65.0,736.828645877365,1784496818.301771,raster_data/images/session_20260719_143156/raster_0001.jpg
1,43.96826197919068,65.0,735.2465531860126,1784496818.310835,raster_data/images/session_20260719_143156/raster_0001.jpg
1,46.42727815463639,65.0,734.021707231417,1784496818.3218706,raster_data/images/session_20260719_143156/raster_0001.jpg
1,48.42414804204583,65.0,732.0313325551995,1784496818.3298168,raster_data/images/session_20260719_143156/raster_0001.jpg
1,51.42567588159408,65.0,729.020252916819,1784496818.340562,raster_data/images/session_20260719_143156/raster_0001.jpg
1,54.59603321939582,65.0,727.6423012178991,1784496818.3511415,raster_data/images/session_20260719_143156/raster_0001.jpg
1,57.86096108347053,65.0,725.7539970378978,1784496818.3620245,raster_data/images/session_20260719_143156/raster_0001.jpg
1,60.29197228342171,65.0,724.1719043465453,1784496818.370128,raster_data/images/session_20260719_143156/raster_0001.jpg
1,63.239684228001785,65.0,724.2229395946534,1784496818.3799536,raster_data/images/session_20260719_143156/raster_0001.jpg
1,66.50740158945197,65.0,722.691882151409,1784496818.390846,raster_data/images/session_20260719_143156/raster_0001.jpg
1,69.73055851846809,65.0,721.6711771892461,1784496818.4015899,raster_data/images/session_20260719_143156/raster_0001.jpg
1,72.94799340158576,65.0,721.262895204381,1784496818.4123147,raster_data/images/session_20260719_143156/raster_0001.jpg
1,75.41941655069465,65.0,719.6297672649205,1784496818.4205527,raster_data/images/session_20260719_143156/raster_0001.jpg
1,78.88175499826545,65.0,719.0173442876227,1784496818.4320939,raster_data/images/session_20260719_143156/raster_0001.jpg
1,81.807580117284,65.0,717.1290401076213,1784496818.4418466,raster_data/images/session_20260719_143156/raster_0001.jpg
1,84.8046447077381,65.0,718.4559565584331,1784496818.4518368,raster_data/images/session_20260719_143156/raster_0001.jpg
1,87.26018917947883,65.0,719.833908257353,1784496818.460022,raster_data/images/session_20260719_143156/raster_0001.jpg
1,90.46052945047492,65.0,719.3745910243797,1784496818.4706898,raster_data/images/session_20260719_143156/raster_0001.jpg
1,93.67145550638313,65.0,718.2007803178923,1784496818.4813929,raster_data/images/session_20260719_143156/raster_0001.jpg
1,96.92265046030158,65.0,715.2917711757282,1784496818.4922302,raster_data/images/session_20260719_143156/raster_0001.jpg
1,99.34422028452033,65.0,714.6793481984304,1784496818.500302,raster_data/images/session_20260719_143156/raster_0001.jpg
1,102.61358273416633,65.0,712.9951850108615,1784496818.5112,raster_data/images/session_20260719_143156/raster_0001.jpg
1,105.31825077921027,65.0,712.8931145146453,1784496818.5202155,raster_data/images/session_20260719_143156/raster_0001.jpg
1,108.64347470193977,65.0,711.9234448005907,1784496818.5312996,raster_data/images/session_20260719_143156/raster_0001.jpg
1,111.84352887064094,65.0,711.4130923195091,1784496818.5419664,raster_data/images/session_20260719_143156/raster_0001.jpg
1,114.29671299844856,65.0,710.4434226054543,1784496818.5501437,raster_data/images/session_20260719_143156/raster_0001.jpg
1,117.53245842844123,65.0,709.218576650859,1784496818.5609295,raster_data/images/session_20260719_143156/raster_0001.jpg
1,120.7242871561634,65.0,707.7385544557228,1784496818.571569,raster_data/images/session_20260719_143156/raster_0001.jpg
1,123.95416748911018,65.0,705.2378272984236,1784496818.5823352,raster_data/images/session_20260719_143156/raster_0001.jpg
1,126.38803971201057,65.0,703.4515936146387,1784496818.5904481,raster_data/images/session_20260719_143156/raster_0001.jpg
1,129.3981219568836,65.0,703.4005583665305,1784496818.6004817,raster_data/images/session_20260719_143156/raster_0001.jpg
1,132.64738572031135,65.0,702.6860648930165,1784496818.6113126,raster_data/images/session_20260719_143156/raster_0001.jpg
1,135.88770878702277,65.0,703.0943468778815,1784496818.6221137,raster_data/images/session_20260719_143156/raster_0001.jpg
1,138.3012677469837,65.0,701.8695009232862,1784496818.630159,raster_data/images/session_20260719_143156/raster_0001.jpg
1,141.48558628946418,65.0,700.8998312092314,1784496818.6407733,raster_data/images/session_20260719_143156/raster_0001.jpg
1,144.72276223093147,65.0,701.2570779459884,1784496818.651564,raster_data/images/session_20260719_143156/raster_0001.jpg
1,147.9788209238636,65.0,700.1853377357173,1784496818.6624174,raster_data/images/session_20260719_143156/raster_0001.jpg
1,150.94133866220588,65.0,700.1853377357173,1784496818.6722925,raster_data/images/session_20260719_143156/raster_0001.jpg
1,153.34588539987678,65.0,698.0418573151753,1784496818.6803076,raster_data/images/session_20260719_143156/raster_0001.jpg
1,156.57583725839729,65.0,698.0418573151753,1784496818.6910741,raster_data/images/session_20260719_143156/raster_0001.jpg
1,159.84941971689338,65.0,699.7260205027441,1784496818.701986,raster_data/images/session_20260719_143156/raster_0001.jpg
1,162.3390103617298,65.0,700.032231991393,1784496818.7102847,raster_data/images/session_20260719_143156/raster_0001.jpg
1,165.4911423960316,65.0,699.1646327735544,1784496818.7207918,raster_data/images/session_20260719_143156/raster_0001.jpg
1,168.68511689096567,65.0,698.5011745481487,1784496818.7314384,raster_data/images/session_20260719_143156/raster_0001.jpg
1,171.47876274973032,65.0,698.1439278113916,1784496818.7407506,raster_data/images/session_20260719_143156/raster_0001.jpg
1,174.69419491678354,65.0,698.0928925632834,1784496818.7514687,raster_data/images/session_20260719_143156/raster_0001.jpg
1,177.9085542002308,65.0,698.2459983076079,1784496818.7621832,raster_data/images/session_20260719_143156/raster_0001.jpg
1,180.32769215494272,65.0,697.7866810746345,1784496818.770247,raster_data/images/session_20260719_143156/raster_0001.jpg
1,183.5413109421112,65.0,698.7563507886894,1784496818.780969,raster_data/images/session_20260719_143156/raster_0001.jpg
1,186.54813520146018,65.0,697.1232228492286,1784496818.7917206,raster_data/images/session_20260719_143156/raster_0001.jpg
1,189.17758660682213,65.0,697.2763285935531,1784496818.8023403,raster_data/images/session_20260719_143156/raster_0001.jpg
1,191.34248960880433,65.0,696.5618351200391,1784496818.8123312,raster_data/images/session_20260719_143156/raster_0001.jpg
1,192.8589307486979,65.0,696.6128703681472,1784496818.8203247,raster_data/images/session_20260719_143156/raster_0001.jpg
1,194.5967791828525,65.0,695.490094909768,1784496818.8310795,raster_data/images/session_20260719_143156/raster_0001.jpg
1,195.9751698552217,65.0,695.1838834211193,1784496818.8417244,raster_data/images/session_20260719_143156/raster_0001.jpg
1,197.02831338168676,65.0,695.0307776767947,1784496818.85255,raster_data/images/session_20260719_143156/raster_0001.jpg
1,197.59050143316867,65.0,694.8266366843623,1784496818.8607233,raster_data/images/session_20260719_143156/raster_0001.jpg
1,198.02100283453314,65.0,695.0307776767947,1784496818.8713186,raster_data/images/session_20260719_143156/raster_0001.jpg
1,198.12539987296043,65.00739059177272,694.7756014362541,1784496818.8818407,raster_data/images/session_20260719_143156/raster_0001.jpg
1,198.1732072654725,65.15461710234212,694.9797424286866,1784496818.889975,raster_data/images/session_20260719_143156/raster_0001.jpg
1,198.32585158396066,65.62469692030258,694.8266366843623,1784496818.90049,raster_data/images/session_20260719_143156/raster_0001.jpg
1,198.5855752562747,66.42453577320373,694.6735309400378,1784496818.9111638,raster_data/images/session_20260719_143156/raster_0001.jpg
1,198.95281120744556,67.55546688668879,694.7756014362541,1784496818.9218874,raster_data/images/session_20260719_143156/raster_0001.jpg
1,199.2971531792001,68.61589424488825,694.7245661881459,1784496818.9299085,raster_data/images/session_20260719_143156/raster_0001.jpg
1,199.84332873261278,70.29788350767672,694.5204251957134,1784496818.940503,raster_data/images/session_20260719_143156/raster_0001.jpg
1,200.45401832890425,72.17854868472607,694.7756014362541,1784496818.950499,raster_data/images/session_20260719_143156/raster_0001.jpg
1,201.27014674666225,74.691878377255,694.9287071805786,1784496818.9619865,raster_data/images/session_20260719_143156/raster_0001.jpg
1,201.91281919840515,76.67103719636961,694.9797424286866,1784496818.9700115,raster_data/images/session_20260719_143156/raster_0001.jpg
1,202.8043276533002,79.41650546101316,694.9797424286866,1784496818.9806426,raster_data/images/session_20260719_143156/raster_0001.jpg
1,203.6160075136603,81.91613548183135,695.2859539173356,1784496818.9914978,raster_data/images/session_20260719_143156/raster_0001.jpg
1,204.30777830338138,84.0464963765132,694.9287071805785,1784496819.0021734,raster_data/images/session_20260719_143156/raster_0001.jpg
1,204.76558820972443,85.45635689124293,695.2349186692273,1784496819.0103383,raster_data/images/session_20260719_143156/raster_0001.jpg
1,205.27274773987762,87.01819333542008,694.6735309400378,1784496819.0210552,raster_data/images/session_20260719_143156/raster_0001.jpg
1,205.61781334653114,88.08084918246834,694.7756014362541,1784496819.0300953,raster_data/images/session_20260719_143156/raster_0001.jpg
1,205.93195659576767,89.04827727201177,694.7756014362541,1784496819.040944,raster_data/images/session_20260719_143156/raster_0001.jpg
1,206.13194320822862,89.66415129412601,695.4900949097681,1784496819.0514293,raster_data/images/session_20260719_143156/raster_0001.jpg
1,206.23176848700524,89.97157085182693,694.9797424286866,1784496819.0623083,raster_data/images/session_20260719_143156/raster_0001.jpg
1,206.2231722942849,90.0,694.5714604438215,1784496819.0702198,raster_data/images/session_20260719_143156/raster_0001.jpg
1,205.89653109007764,90.0,694.6224956919297,1784496819.0819263,raster_data/images/session_20260719_143156/raster_0001.jpg
1,205.31131229900961,90.0,694.4693899476051,1784496819.091668,raster_data/images/session_20260719_143156/raster_0001.jpg
1,204.34427181222551,90.0,694.4693899476052,1784496819.1023319,raster_data/images/session_20260719_143156/raster_0001.jpg
1,203.38977404505394,90.0,694.4183546994971,1784496819.1103706,raster_data/images/session_20260719_143156/raster_0001.jpg
1,201.83591558175326,90.0,694.4693899476052,1784496819.1209638,raster_data/images/session_20260719_143156/raster_0001.jpg
1,199.90833278510732,90.0,694.2142137070645,1784496819.1317475,raster_data/images/session_20260719_143156/raster_0001.jpg
1,198.25639480718593,90.0,694.3162842032808,1784496819.1397316,raster_data/images/session_20260719_143156/raster_0001.jpg
1,195.7307559826575,90.0,694.3162842032808,1784496819.150479,raster_data/images/session_20260719_143156/raster_0001.jpg
1,192.8341277203129,90.0,694.3162842032808,1784496819.1613128,raster_data/images/session_20260719_143156/raster_0001.jpg
1,189.88220073895633,90.0,694.2652489551726,1784496819.1713016,raster_data/images/session_20260719_143156/raster_0001.jpg
1,186.65654041485965,90.0,694.1121432108482,1784496819.1820538,raster_data/images/session_20260719_143156/raster_0001.jpg
1,184.23439838605105,90.0,694.2652489551728,1784496819.1901276,raster_data/images/session_20260719_143156/raster_0001.jpg
1,181.02762081341922,90.0,694.4183546994971,1784496819.2008169,raster_data/images/session_20260719_143156/raster_0001.jpg
1,177.80274727063357,90.0,694.4693899476051,1784496819.2115664,raster_data/images/session_20260719_143156/raster_0001.jpg
1,174.57658626752078,90.0,694.5714604438216,1784496819.2223203,raster_data/images/session_20260719_143156/raster_0001.jpg
1,172.11024143414676,90.0,694.367319451389,1784496819.2305415,raster_data/images/session_20260719_143156/raster_0001.jpg
1,169.15866710858523,90.0,694.2142137070645,1784496819.24038,raster_data/images/session_20260719_143156/raster_0001.jpg
1,165.93651153760135,90.0,694.1121432108483,1784496819.2511206,raster_data/images/session_20260719_143156/raster_0001.jpg
1,162.68567421155154,90.0,694.0100727146321,1784496819.2619567,raster_data/images/session_20260719_143156/raster_0001.jpg
1,160.31824924664676,90.0,694.0100727146321,1784496819.269848,raster_data/images/session_20260719_143156/raster_0001.jpg
1,157.1311412067908,90.0,694.2142137070645,1784496819.2804718,raster_data/images/session_20260719_143156/raster_0001.jpg
1,153.9002595158118,90.0,694.0611079627404,1784496819.2912414,raster_data/images/session_20260719_143156/raster_0001.jpg
1,150.71522571759402,90.0,694.1121432108483,1784496819.3018582,raster_data/images/session_20260719_143156/raster_0001.jpg
1,147.76071884350955,90.0,694.1121432108483,1784496819.3117065,raster_data/images/session_20260719_143156/raster_0001.jpg
1,144.50916626172244,90.0,693.4486849854433,1784496819.322545,raster_data/images/session_20260719_143156/raster_0001.jpg
1,142.09188797192752,90.0,693.397649737335,1784496819.3306026,raster_data/images/session_20260719_143156/raster_0001.jpg
1,138.83811809735477,90.0,693.448684985443,1784496819.3414485,raster_data/images/session_20260719_143156/raster_0001.jpg
1,135.56432106213748,90.0,693.3466144892267,1784496819.3523612,raster_data/images/session_20260719_143156/raster_0001.jpg
1,133.09704639630496,90.0,693.7038612259836,1784496819.3605855,raster_data/images/session_20260719_143156/raster_0001.jpg
1,129.8956332417029,90.0,693.5507554816593,1784496819.3712568,raster_data/images/session_20260719_143156/raster_0001.jpg
1,127.167075655033,90.0,693.1935087449026,1784496819.380352,raster_data/images/session_20260719_143156/raster_0001.jpg
1,123.68907310681523,90.0,693.1935087449026,1784496819.3919454,raster_data/images/session_20260719_143156/raster_0001.jpg
1,121.27830364422978,90.0,693.1424734967944,1784496819.3999813,raster_data/images/session_20260719_143156/raster_0001.jpg
1,118.0469927998084,90.0,692.2748742789566,1784496819.4107523,raster_data/images/session_20260719_143156/raster_0001.jpg
1,114.86017086224734,90.0,692.2748742789566,1784496819.421375,raster_data/images/session_20260719_143156/raster_0001.jpg
1,111.6270718784827,90.0,692.9893677524701,1784496819.432152,raster_data/images/session_20260719_143156/raster_0001.jpg
1,109.18483116345584,90.0,692.8362620081457,1784496819.4402928,raster_data/images/session_20260719_143156/raster_0001.jpg
1,106.0099539967078,90.0,692.6321210157134,1784496819.4508758,raster_data/images/session_20260719_143156/raster_0001.jpg
1,102.92190887646854,90.0,692.0707332865243,1784496819.4611692,raster_data/images/session_20260719_143156/raster_0001.jpg
1,99.78107788281619,90.0,692.7341915119297,1784496819.4716387,raster_data/images/session_20260719_143156/raster_0001.jpg
1,96.57072403149783,90.0,692.9383325043619,1784496819.4823399,raster_data/images/session_20260719_143156/raster_0001.jpg
1,94.1177544804114,90.0,692.7341915119297,1784496819.4905164,raster_data/images/session_20260719_143156/raster_0001.jpg
1,90.90289451794803,90.0,692.2238390308486,1784496819.5012326,raster_data/images/session_20260719_143156/raster_0001.jpg
1,87.72436954693973,90.0,691.968662790308,1784496819.5118277,raster_data/images/session_20260719_143156/raster_0001.jpg
1,85.32311298566043,90.0,690.8969225800379,1784496819.519832,raster_data/images/session_20260719_143156/raster_0001.jpg
1,81.53633453564822,90.0,690.1313938584165,1784496819.5324545,raster_data/images/session_20260719_143156/raster_0001.jpg
1,79.1758475513953,90.0,690.6417463394974,1784496819.5403228,raster_data/images/session_20260719_143156/raster_0001.jpg
1,75.94725467877566,90.0,690.5907110913895,1784496819.5510848,raster_data/images/session_20260719_143156/raster_0001.jpg
1,72.76222088055789,90.0,690.386570098957,1784496819.5617015,raster_data/images/session_20260719_143156/raster_0001.jpg
1,69.57532741742313,90.0,689.2637946405787,1784496819.5723245,raster_data/images/session_20260719_143156/raster_0001.jpg
1,67.16055252270877,90.0,687.1713494681467,1784496819.5803738,raster_data/images/session_20260719_143156/raster_0001.jpg
1,63.91457893567264,90.0,686.5589264908494,1784496819.5911937,raster_data/images/session_20260719_143156/raster_0001.jpg
1,60.95184662060916,90.0,686.5589264908494,1784496819.6010695,raster_data/images/session_20260719_143156/raster_0001.jpg
1,57.659882089664336,90.0,685.1809747919308,1784496819.6120427,raster_data/images/session_20260719_143156/raster_0001.jpg
1,55.23695327954471,90.0,685.8954682654442,1784496819.620119,raster_data/images/session_20260719_143156/raster_0001.jpg
1,51.99233867840945,90.0,686.4568559946334,1784496819.6309345,raster_data/images/session_20260719_143156/raster_0001.jpg
1,48.808163187076445,90.0,682.2719656497691,1784496819.6415484,raster_data/images/session_20260719_143156/raster_0001.jpg
1,45.611470720340606,90.0,682.3230008978771,1784496819.652204,raster_data/images/session_20260719_143156/raster_0001.jpg
1,43.14405100916059,90.0,680.9960844470667,1784496819.6604502,raster_data/images/session_20260719_143156/raster_0001.jpg
1,40.4217544350426,90.0,680.2815909735531,1784496819.670202,raster_data/images/session_20260719_143156/raster_0001.jpg
1,37.75248722756038,90.0,681.0471196951746,1784496819.6809473,raster_data/images/session_20260719_143156/raster_0001.jpg
1,35.27977715010695,90.0,680.3836614697694,1784496819.6924458,raster_data/images/session_20260719_143156/raster_0001.jpg
1,33.47577773637349,90.0,680.9960844470667,1784496819.702303,raster_data/images/session_20260719_143156/raster_0001.jpg
1,32.104733695726026,90.0,680.2305557254451,1784496819.711151,raster_data/images/session_20260719_143156/raster_0001.jpg
1,30.78030271395255,90.0,680.179520477337,1784496819.7216702,raster_data/images/session_20260719_143156/raster_0001.jpg
1,29.779461696578608,90.0,678.5463925378778,1784496819.7322962,raster_data/images/session_20260719_143156/raster_0001.jpg
1,29.149561843597866,90.0,677.7808638162562,1784496819.7422428,raster_data/images/session_20260719_143156/raster_0001.jpg
1,28.852382434949334,90.0,674.8208194259865,1784496819.7504888,raster_data/images/session_20260719_143156/raster_0001.jpg
1,28.75865655931547,90.0122307936087,674.5146079373379,1784496819.761235,raster_data/images/session_20260719_143156/raster_0001.jpg
1,28.751367775058107,90.27180288254607,673.2387267346354,1784496819.7718427,raster_data/images/session_20260719_143156/raster_0001.jpg
1,28.734551990819206,90.87065559760657,670.993175817879,1784496819.782476,raster_data/images/session_20260719_143156/raster_0001.jpg
1,28.715703817450002,91.54188684294861,670.0745413519331,1784496819.7904465,raster_data/images/session_20260719_143156/raster_0001.jpg
1,28.682292936889663,92.73173301674996,667.6248494427443,1784496819.8010623,raster_data/images/session_20260719_143156/raster_0001.jpg
1,28.642873193133273,94.13557004511136,667.1655322097715,1784496819.8108969,raster_data/images/session_20260719_143156/raster_0001.jpg
1,28.5904833837644,96.0013039969943,662.0109721508534,1784496819.8216438,raster_data/images/session_20260719_143156/raster_0001.jpg
1,28.52760652916608,98.24050822058122,660.2757737151779,1784496819.8325129,raster_data/images/session_20260719_143156/raster_0001.jpg
1,28.47589299858699,100.08215816997901,659.6633507378809,1784496819.8403795,raster_data/images/session_20260719_143156/raster_0001.jpg
1,28.396900191284253,102.89529233318189,657.3157293249083,1784496819.8511393,raster_data/images/session_20260719_143156/raster_0001.jpg
1,28.319384211691144,105.65583291698199,656.2439891146381,1784496819.8620467,raster_data/images/session_20260719_143156/raster_0001.jpg
1,28.269782097387242,107.42228997908681,655.2743194005842,1784496819.869899,raster_data/images/session_20260719_143156/raster_0001.jpg
1,28.21037861066896,109.53779876535037,654.2536144384221,1784496819.8806326,raster_data/images/session_20260719_143156/raster_0001.jpg
1,28.16382844009145,111.19556837281159,653.1818742281521,1784496819.8906176,raster_data/images/session_20260719_143156/raster_0001.jpg
1,28.123064570547825,112.64727312863866,651.3956405443686,1784496819.9013772,raster_data/images/session_20260719_143156/raster_0001.jpg
1,28.092000583650925,113.75354046827186,650.8852880632875,1784496819.9121568,raster_data/images/session_20260719_143156/raster_0001.jpg
1,28.075242702671037,114.35033110145879,649.6604421086931,1784496819.9201736,raster_data/images/session_20260719_143156/raster_0001.jpg
1,28.060322881377147,114.88166376862004,649.4563011162609,1784496819.9321053,raster_data/images/session_20260719_143156/raster_0001.jpg
1,28.05815509532323,115.0,649.0990543795042,1784496819.9418666,raster_data/images/session_20260719_143156/raster_0001.jpg
1,28.205762300983654,115.0,650.7832175670713,1784496819.9509478,raster_data/images/session_20260719_143156/raster_0001.jpg
1,29.122075235519596,115.0,648.2314551616665,1784496819.9676359,raster_data/images/session_20260719_143156/raster_0001.jpg
1,29.59964269563721,115.0,648.4355961540987,1784496819.9730582,raster_data/images/session_20260719_143156/raster_0001.jpg
1,31.046155325243134,115.0,648.0783494173421,1784496819.9856296,raster_data/images/session_20260719_143156/raster_0001.jpg
1,31.81055704802834,115.0,648.1293846654503,1784496819.9910128,raster_data/images/session_20260719_143156/raster_0001.jpg
1,34.25518921412009,115.0,647.0066092070721,1784496820.0052707,raster_data/images/session_20260719_143156/raster_0001.jpg
1,35.81337865927271,115.0,646.3431509816667,1784496820.0128982,raster_data/images/session_20260719_143156/raster_0001.jpg
1,37.74373058050869,115.0,645.4245165157209,1784496820.0213497,raster_data/images/session_20260719_143156/raster_0001.jpg
1,42.410186071569605,115.0,645.3224460195047,1784496820.0388093,raster_data/images/session_20260719_143156/raster_0001.jpg
1,43.45190976549608,115.0,645.5265870119372,1784496820.0423055,raster_data/images/session_20260719_143156/raster_0001.jpg
1,46.47543881823046,115.0,644.7610582903155,1784496820.052384,raster_data/images/session_20260719_143156/raster_0001.jpg
1,50.10600541521532,115.0,644.3017410573426,1784496820.0644858,raster_data/images/session_20260719_143156/raster_0001.jpg
1,52.06845258165819,115.0,643.6893180800454,1784496820.0710273,raster_data/images/session_20260719_143156/raster_0001.jpg
1,55.184893354668446,115.0,643.6893180800454,1784496820.0814154,raster_data/images/session_20260719_143156/raster_0001.jpg
1,58.27694390703661,115.0,643.4851770876131,1784496820.0917222,raster_data/images/session_20260719_143156/raster_0001.jpg
1,60.91108773638231,115.0,643.3320713432887,1784496820.1005027,raster_data/images/session_20260719_143156/raster_0001.jpg
1,64.04340718676073,115.0,643.2810360951808,1784496820.1109438,raster_data/images/session_20260719_143156/raster_0001.jpg
1,67.1037719099663,115.0,643.1789655989644,1784496820.121145,raster_data/images/session_20260719_143156/raster_0001.jpg
1,70.47863458086474,115.0,643.02585985464,1784496820.1323946,raster_data/images/session_20260719_143156/raster_0001.jpg
1,72.7859065382622,115.0,643.2810360951808,1784496820.1400855,raster_data/images/session_20260719_143156/raster_0001.jpg
1,75.9137198774956,115.0,643.3831065913969,1784496820.1505115,raster_data/images/session_20260719_143156/raster_0001.jpg
1,79.00262330461962,115.0,643.0768951027479,1784496820.1608078,raster_data/images/session_20260719_143156/raster_0001.jpg
1,82.40673993517382,115.0,643.1789655989644,1784496820.172155,raster_data/images/session_20260719_143156/raster_0001.jpg
1,84.76508115221483,115.0,643.02585985464,1784496820.180016,raster_data/images/session_20260719_143156/raster_0001.jpg
1,88.10890172411425,115.0,642.7196483659911,1784496820.191162,raster_data/images/session_20260719_143156/raster_0001.jpg
1,91.2030265181206,115.0,643.02585985464,1784496820.2014759,raster_data/images/session_20260719_143156/raster_0001.jpg
1,94.36638806749804,115.0,642.9237893584236,1784496820.2120204,raster_data/images/session_20260719_143156/raster_0001.jpg
1,96.91126798082811,115.0,642.9748246065318,1784496820.2205033,raster_data/images/session_20260719_143156/raster_0001.jpg
1,100.22626374651415,115.0,642.9237893584236,1784496820.2315533,raster_data/images/session_20260719_143156/raster_0001.jpg
1,102.91040395189745,115.0,642.7706836140992,1784496820.2405005,raster_data/images/session_20260719_143156/raster_0001.jpg
1,106.22139428545458,115.0,642.3113663811259,1784496820.251537,raster_data/images/session_20260719_143156/raster_0001.jpg
1,109.33390115190966,115.0,641.954119644369,1784496820.261912,raster_data/images/session_20260719_143156/raster_0001.jpg
1,111.69281457354052,115.0,642.1582606368015,1784496820.2697752,raster_data/images/session_20260719_143156/raster_0001.jpg
1,114.77170442034227,115.0,641.7499786519363,1784496820.280038,raster_data/images/session_20260719_143156/raster_0001.jpg
1,117.90245030809862,115.0,642.0561901405853,1784496820.290474,raster_data/images/session_20260719_143156/raster_0001.jpg
1,121.21580098558886,115.0,641.7499786519365,1784496820.3015184,raster_data/images/session_20260719_143156/raster_0001.jpg
1,125.13232682634813,115.0,641.8010139000445,1784496820.3145735,raster_data/images/session_20260719_143156/raster_0001.jpg
1,126.98383782793505,115.0,639.861674471935,1784496820.3207452,raster_data/images/session_20260719_143156/raster_0001.jpg
1,130.13260816027147,115.0,640.1678859605839,1784496820.3312411,raster_data/images/session_20260719_143156/raster_0001.jpg
1,133.23660348345263,115.0,639.8106392238269,1784496820.3415878,raster_data/images/session_20260719_143156/raster_0001.jpg
1,136.38987992693407,115.0,640.2189212086921,1784496820.3520987,raster_data/images/session_20260719_143156/raster_0001.jpg
1,138.697294935479,115.0,639.4023572389618,1784496820.35979,raster_data/images/session_20260719_143156/raster_0001.jpg
1,141.8432042448662,115.0,639.147180998421,1784496820.3702765,raster_data/images/session_20260719_143156/raster_0001.jpg
1,144.9276015608452,115.0,639.2492514946373,1784496820.3805578,raster_data/images/session_20260719_143156/raster_0001.jpg
1,148.34723924089892,115.0,638.1264760362582,1784496820.3919566,raster_data/images/session_20260719_143156/raster_0001.jpg
1,150.65401051928026,115.0,637.7181940513929,1784496820.3996458,raster_data/images/session_20260719_143156/raster_0001.jpg
1,153.78160928179247,115.0,636.952665329771,1784496820.4100711,raster_data/images/session_20260719_143156/raster_0001.jpg
1,156.91285584856493,115.0,637.8202645476093,1784496820.4205086,raster_data/images/session_20260719_143156/raster_0001.jpg
1,159.99682401110155,115.0,636.0340308638242,1784496820.4307885,raster_data/images/session_20260719_143156/raster_0001.jpg
1,163.12964414049608,115.0,638.6368285173396,1784496820.4412313,raster_data/images/session_20260719_143156/raster_0001.jpg
1,166.43069241930468,115.0,637.5650883070685,1784496820.4522347,raster_data/images/session_20260719_143156/raster_0001.jpg
1,169.11869500566942,115.0,637.3609473146361,1784496820.4611948,raster_data/images/session_20260719_143156/raster_0001.jpg
1,172.16697190691454,115.0,637.5650883070685,1784496820.4713557,raster_data/images/session_20260719_143156/raster_0001.jpg
1,175.3085181563042,115.0,638.1264760362582,1784496820.4818275,raster_data/images/session_20260719_143156/raster_0001.jpg
1,178.38976834703905,115.0,636.4423128486894,1784496820.4920983,raster_data/images/session_20260719_143156/raster_0001.jpg
1,180.77385877062304,115.0,635.982995615716,1784496820.5000453,raster_data/images/session_20260719_143156/raster_0001.jpg
1,183.87213204790575,115.0,635.625748878959,1784496820.5103729,raster_data/images/session_20260719_143156/raster_0001.jpg
1,187.0918557493828,115.0,636.0340308638242,1784496820.5211053,raster_data/images/session_20260719_143156/raster_0001.jpg
1,189.85825036455614,115.0,634.6050439167961,1784496820.5303266,raster_data/images/session_20260719_143156/raster_0001.jpg
1,192.89908352671083,115.0,634.4009029243635,1784496820.5405152,raster_data/images/session_20260719_143156/raster_0001.jpg
1,195.77776779786709,115.0,633.6864094508496,1784496820.551,raster_data/images/session_20260719_143156/raster_0001.jpg
1,198.30636418375317,115.0,632.5125987443623,1784496820.561396,raster_data/images/session_20260719_143156/raster_0001.jpg
1,200.4782451521102,115.0,630.4201535719284,1784496820.5716264,raster_data/images/session_20260719_143156/raster_0001.jpg
1,202.35814691186488,115.0,630.2670478276038,1784496820.5819895,raster_data/images/session_20260719_143156/raster_0001.jpg
1,203.54938192700672,115.0,629.0422018730084,1784496820.589711,raster_data/images/session_20260719_143156/raster_0001.jpg
1,205.0709506582179,115.0,629.5015191059817,1784496820.6019483,raster_data/images/session_20260719_143156/raster_0001.jpg
1,205.86001687378007,115.0,628.7359903843595,1784496820.610406,raster_data/images/session_20260719_143156/raster_0001.jpg
1,206.51308994715492,115.0,628.531849391927,1784496820.6203463,raster_data/images/session_20260719_143156/raster_0001.jpg
1,206.87649876086752,115.0,628.8890961286841,1784496820.6306174,raster_data/images/session_20260719_143156/raster_0001.jpg
1,206.93760276880738,115.0206727102521,628.0214969108455,1784496820.6410499,raster_data/images/session_20260719_143156/raster_0001.jpg
1,206.86832554160745,115.28602136660247,627.0007919486827,1784496820.651314,raster_data/images/session_20260719_143156/raster_0001.jpg
1,206.71518093645855,115.87260251088345,626.6945804600338,1784496820.6617959,raster_data/images/session_20260719_143156/raster_0001.jpg
1,206.52253571272004,116.61048064685146,626.0821574827361,1784496820.670587,raster_data/images/session_20260719_143156/raster_0001.jpg
1,206.19291812515584,117.87299630321809,627.6132149259804,1784496820.6817677,raster_data/images/session_20260719_143156/raster_0001.jpg
1,205.80051436436702,119.37599829796608,631.5429290303075,1784496820.6921859,raster_data/images/session_20260719_143156/raster_0001.jpg
1,205.4578224998229,120.6885916201054,629.1442723692247,1784496820.6998818,raster_data/images/session_20260719_143156/raster_0001.jpg
1,204.91080170996068,122.78381450145287,628.7359903843595,1784496820.7105093,raster_data/images/session_20260719_143156/raster_0001.jpg
1,204.3077431141889,125.09367583043934,629.7056600984143,1784496820.7206705,raster_data/images/session_20260719_143156/raster_0001.jpg
1,203.59754413257738,127.81391093696428,629.3484133616572,1784496820.731253,raster_data/images/session_20260719_143156/raster_0001.jpg
1,202.91016738076576,130.44673134378067,629.8587658427388,1784496820.741753,raster_data/images/session_20260719_143156/raster_0001.jpg
1,202.4047234497372,132.3827047275272,628.9911666249003,1784496820.7504387,raster_data/images/session_20260719_143156/raster_0001.jpg
1,201.88065751338434,134.3900049280514,627.3070034373316,1784496820.7607126,raster_data/images/session_20260719_143156/raster_0001.jpg
1,201.43417565745477,136.10013920080138,628.7359903843595,1784496820.7710478,raster_data/images/session_20260719_143156/raster_0001.jpg
1,201.066418173576,137.50873995106474,628.4808141438189,1784496820.7814538,raster_data/images/session_20260719_143156/raster_0001.jpg
1,200.78326705453858,138.59327771357982,628.3787436476026,1784496820.7917519,raster_data/images/session_20260719_143156/raster_0001.jpg
1,200.57831524573075,139.37829306829036,627.3070034373316,1784496820.8021877,raster_data/images/session_20260719_143156/raster_0001.jpg
1,200.47995601876025,139.75503286823863,625.7759459940871,1784496820.809893,raster_data/images/session_20260719_143156/raster_0001.jpg
1,200.41620556997475,139.9992126169191,624.1428180546266,1784496820.822148,raster_data/images/session_20260719_143156/raster_0001.jpg
1,200.34341077429858,140.0,622.8159016038148,1784496820.8298411,raster_data/images/session_20260719_143156/raster_0001.jpg
1,199.96515498873183,140.0,623.3262540848963,1784496820.8402214,raster_data/images/session_20260719_143156/raster_0001.jpg
1,199.24931132578428,140.0,624.5511000394918,1784496820.8507736,raster_data/images/session_20260719_143156/raster_0001.jpg
1,198.23073855876362,140.0,623.1221130924637,1784496820.8610532,raster_data/images/session_20260719_143156/raster_0001.jpg
1,196.89556766514144,140.0,623.3262540848963,1784496820.87133,raster_data/images/session_20260719_143156/raster_0001.jpg
1,195.21744352596747,140.0,623.7855713178695,1784496820.8817549,raster_data/images/session_20260719_143156/raster_0001.jpg
1,193.40235409636026,140.0,623.3262540848963,1784496820.8912642,raster_data/images/session_20260719_143156/raster_0001.jpg
1,191.1363862044228,140.0,623.5303950773289,1784496820.9015384,raster_data/images/session_20260719_143156/raster_0001.jpg
1,188.44389589465786,140.0,624.3979942951673,1784496820.9122233,raster_data/images/session_20260719_143156/raster_0001.jpg
1,186.3220468759883,140.0,624.3469590470592,1784496820.9198174,raster_data/images/session_20260719_143156/raster_0001.jpg
1,183.2303034125963,140.0,625.367664009222,1784496820.9301703,raster_data/images/session_20260719_143156/raster_0001.jpg
1,180.0968395530382,140.0,627.9704616627374,1784496820.9406152,raster_data/images/session_20260719_143156/raster_0001.jpg
1,176.9669519721666,140.0,628.531849391927,1784496820.9510481,raster_data/images/session_20260719_143156/raster_0001.jpg
1,173.82283080212267,140.0,627.9194264146292,1784496820.9615285,raster_data/images/session_20260719_143156/raster_0001.jpg
1,170.92368472210558,140.0,629.3484133616572,1784496820.9711924,raster_data/images/session_20260719_143156/raster_0001.jpg
1,167.83671248547228,140.0,629.3994486097655,1784496820.9814823,raster_data/images/session_20260719_143156/raster_0001.jpg
1,164.71540797344835,140.0,628.6339198881433,1784496820.9918866,raster_data/images/session_20260719_143156/raster_0001.jpg
1,162.34004366985948,140.0,632.2063872557134,1784496820.9998045,raster_data/images/session_20260719_143156/raster_0001.jpg
1,159.2601524650255,140.0,630.3691183238201,1784496821.0100708,raster_data/images/session_20260719_143156/raster_0001.jpg
1,156.16273749462755,140.0,630.2670478276038,1784496821.0203955,raster_data/images/session_20260719_143156/raster_0001.jpg
1,152.7500377952257,140.0,632.2574225038217,1784496821.0317712,raster_data/images/session_20260719_143156/raster_0001.jpg
1,149.668215399901,140.0,631.696034774632,1784496821.042044,raster_data/images/session_20260719_143156/raster_0001.jpg
1,147.29692805401476,140.0,632.4615634962541,1784496821.0499482,raster_data/images/session_20260719_143156/raster_0001.jpg
1,144.2365633308092,140.0,629.0422018730084,1784496821.0601494,raster_data/images/session_20260719_143156/raster_0001.jpg
1,141.10860694042833,140.0,630.3691183238201,1784496821.070576,raster_data/images/session_20260719_143156/raster_0001.jpg
1,138.02256453625353,140.0,629.603589602198,1784496821.0808628,raster_data/images/session_20260719_143156/raster_0001.jpg
1,134.89589560619982,140.0,628.3277083994946,1784496821.091285,raster_data/images/session_20260719_143156/raster_0001.jpg
1,132.04767573467882,140.0,628.4808141438189,1784496821.100779,raster_data/images/session_20260719_143156/raster_0001.jpg
1,128.91342509380968,140.0,629.603589602198,1784496821.1112266,raster_data/images/session_20260719_143156/raster_0001.jpg
1,125.6009327232042,140.0,628.7870256324678,1784496821.1222682,raster_data/images/session_20260719_143156/raster_0001.jpg
1,123.22442401043564,140.0,630.1139420832795,1784496821.13019,raster_data/images/session_20260719_143156/raster_0001.jpg
1,120.13273108593613,140.0,631.9512110151726,1784496821.1404955,raster_data/images/session_20260719_143156/raster_0001.jpg
1,116.97630751721054,140.0,630.318083075712,1784496821.151017,raster_data/images/session_20260719_143156/raster_0001.jpg
1,113.86823523632675,140.0,632.1553520076052,1784496821.1613772,raster_data/images/session_20260719_143156/raster_0001.jpg
1,110.76924670330673,140.0,632.0022462632809,1784496821.1717072,raster_data/images/session_20260719_143156/raster_0001.jpg
1,108.13696253887802,140.0,634.8602201573369,1784496821.1804814,raster_data/images/session_20260719_143156/raster_0001.jpg
1,104.85422480694443,140.0,635.4726431346347,1784496821.191424,raster_data/images/session_20260719_143156/raster_0001.jpg
1,101.65295470348984,140.0,636.1871366081486,1784496821.2020948,raster_data/images/session_20260719_143156/raster_0001.jpg
1,99.26056731335312,140.0,635.574713630851,1784496821.2100694,raster_data/images/session_20260719_143156/raster_0001.jpg
1,96.00744116894394,140.0,635.8298898713917,1784496821.2209132,raster_data/images/session_20260719_143156/raster_0001.jpg
1,92.93942320934921,140.0,637.8202645476093,1784496821.23114,raster_data/images/session_20260719_143156/raster_0001.jpg
1,89.83700144879013,140.0,637.003700577879,1784496821.2414813,raster_data/images/session_20260719_143156/raster_0001.jpg
1,86.62371504894882,140.0,638.1264760362582,1784496821.2521923,raster_data/images/session_20260719_143156/raster_0001.jpg
1,84.30700171581894,140.0,636.7995595854464,1784496821.2599146,raster_data/images/session_20260719_143156/raster_0001.jpg
1,81.17947447888046,140.0,637.5650883070685,1784496821.2703397,raster_data/images/session_20260719_143156/raster_0001.jpg
1,78.12347281567246,140.0,637.4119825627441,1784496821.2805264,raster_data/images/session_20260719_143156/raster_0001.jpg
1,75.02992022625595,140.0,638.432687524907,1784496821.2908382,raster_data/images/session_20260719_143156/raster_0001.jpg
1,71.8799339591661,140.0,636.8505948335545,1784496821.3013382,raster_data/images/session_20260719_143156/raster_0001.jpg
1,68.79353392712264,140.0,634.6050439167961,1784496821.3116262,raster_data/images/session_20260719_143156/raster_0001.jpg
1,65.93179572216658,140.0,636.5954185930138,1784496821.3211653,raster_data/images/session_20260719_143156/raster_0001.jpg
1,62.819074278990314,140.0,637.0547358259872,1784496821.331541,raster_data/images/session_20260719_143156/raster_0001.jpg
1,59.68010295025496,140.0,637.3609473146361,1784496821.3420043,raster_data/images/session_20260719_143156/raster_0001.jpg
1,57.359813338438556,140.0,637.0547358259872,1784496821.3497386,raster_data/images/session_20260719_143156/raster_0001.jpg
1,54.26454413525252,140.0,636.8505948335545,1784496821.3600562,raster_data/images/session_20260719_143156/raster_0001.jpg
1,51.10375750652938,140.0,637.5140530589604,1784496821.370592,raster_data/images/session_20260719_143156/raster_0001.jpg
1,48.090076077028755,140.0,637.003700577879,1784496821.3807683,raster_data/images/session_20260719_143156/raster_0001.jpg
1,45.506130090547174,140.0,636.2381718562568,1784496821.3903267,raster_data/images/session_20260719_143156/raster_0001.jpg
1,42.98042380192163,140.0,637.6671588032848,1784496821.4008408,raster_data/images/session_20260719_143156/raster_0001.jpg
1,40.75410619289974,140.0,637.1568063222035,1784496821.4115222,raster_data/images/session_20260719_143156/raster_0001.jpg
1,38.827540459259495,140.0,637.6161235551766,1784496821.4224694,raster_data/images/session_20260719_143156/raster_0001.jpg
1,37.62789141368344,140.0,639.7085687276107,1784496821.4306107,raster_data/images/session_20260719_143156/raster_0001.jpg
1,36.40567545927527,140.0,640.2189212086921,1784496821.440809,raster_data/images/session_20260719_143156/raster_0001.jpg
1,35.48058863300952,140.0,638.7388990135559,1784496821.4512095,raster_data/images/session_20260719_143156/raster_0001.jpg
1,34.84233188241481,140.0,639.9127097200433,1784496821.4625347,raster_data/images/session_20260719_143156/raster_0001.jpg
1,34.62819659240418,140.0,638.9940752540966,1784496821.4702299,raster_data/images/session_20260719_143156/raster_0001.jpg
1,34.603973940678884,140.0315364732204,639.6064982313944,1784496821.4806466,raster_data/images/session_20260719_143156/raster_0001.jpg
1,34.7732126944804,140.298744307314,640.2699564568002,1784496821.491012,raster_data/images/session_20260719_143156/raster_0001.jpg
1,35.113100495443824,140.8353866607361,640.4740974492329,1784496821.5013335,raster_data/images/session_20260719_143156/raster_0001.jpg
1,35.64453673689199,141.67446118620057,641.0354851784224,1784496821.5120087,raster_data/images/session_20260719_143156/raster_0001.jpg
1,36.18364464068349,142.5256483527275,640.4740974492329,1784496821.5203018,raster_data/images/session_20260719_143156/raster_0001.jpg
1,37.01950026317735,143.8453648212349,638.7388990135559,1784496821.5307443,raster_data/images/session_20260719_143156/raster_0001.jpg
1,38.04455537640559,145.4638047499141,640.8313441859899,1784496821.5413213,raster_data/images/session_20260719_143156/raster_0001.jpg
1,39.21118863903919,147.30577971302134,640.0658154643677,1784496821.551587,raster_data/images/session_20260719_143156/raster_0001.jpg
1,40.569277418007985,149.45004013200705,638.6368285173396,1784496821.5620139,raster_data/images/session_20260719_143156/raster_0001.jpg
1,41.686707808730745,151.21432962095923,639.147180998421,1784496821.5697303,raster_data/images/session_20260719_143156/raster_0001.jpg
1,43.40110473267129,153.92115816071632,638.5857932692315,1784496821.5807927,raster_data/images/session_20260719_143156/raster_0001.jpg
1,44.96185357404402,156.3853946792409,639.4023572389618,1784496821.5918446,raster_data/images/session_20260719_143156/raster_0001.jpg
1,45.9614908853472,157.96370292621447,639.1982162465291,1784496821.5997794,raster_data/images/session_20260719_143156/raster_0001.jpg
1,47.26443585902231,160.02089784486282,639.9127097200433,1784496821.6116118,raster_data/images/session_20260719_143156/raster_0001.jpg
1,48.216541280670334,161.52415889963106,639.8616744719352,1784496821.6219223,raster_data/images/session_20260719_143156/raster_0001.jpg
1,48.992205026850336,162.74883956493989,639.0961457503129,1784496821.6321468,raster_data/images/session_20260719_143156/raster_0001.jpg
1,49.520099226679314,163.58232162858297,638.6878637654478,1784496821.6408474,raster_data/images/session_20260719_143156/raster_0001.jpg
1,49.95658435799226,164.27147966084416,638.9430400059886,1784496821.650318,raster_data/images/session_20260719_143156/raster_0001.jpg
1,50.26711765541173,164.761774749608,639.7596039757187,1784496821.660584,raster_data/images/session_20260719_143156/raster_0001.jpg
1,50.408872948681655,164.98558947309849,639.9127097200433,1784496821.6709228,raster_data/images/session_20260719_143156/raster_0001.jpg
1,50.46511937719723,165.0,641.1885909227467,1784496821.6798997,raster_data/images/session_20260719_143156/raster_0001.jpg
1,50.801428551002516,165.0,641.0865204265305,1784496821.690283,raster_data/images/session_20260719_143156/raster_0001.jpg
1,51.46452199396893,165.0,641.9030843962607,1784496821.7007086,raster_data/images/session_20260719_143156/raster_0001.jpg
1,52.532192619466926,165.0,641.0865204265305,1784496821.7118378,raster_data/images/session_20260719_143156/raster_0001.jpg
1,53.83255955852523,165.0,641.3416966670712,1784496821.7220063,raster_data/images/session_20260719_143156/raster_0001.jpg
1,55.066046772474614,165.0,641.64790815572,1784496821.729961,raster_data/images/session_20260719_143156/raster_0001.jpg
1,56.950104660134045,165.0,641.6989434038283,1784496821.7402854,raster_data/images/session_20260719_143156/raster_0001.jpg
1,59.64841212133004,165.0,642.3624016292341,1784496821.75274,raster_data/images/session_20260719_143156/raster_0001.jpg
1,61.974668267698846,165.0,642.2603311330179,1784496821.76207,raster_data/images/session_20260719_143156/raster_0001.jpg
1,64.10711144496233,165.0,641.9030843962607,1784496821.7698255,raster_data/images/session_20260719_143156/raster_0001.jpg
1,67.19752132941773,165.0,641.8520491481528,1784496821.7802267,raster_data/images/session_20260719_143156/raster_0001.jpg
1,70.51745235969116,165.0,641.4948024113958,1784496821.7912931,raster_data/images/session_20260719_143156/raster_0001.jpg
1,73.61415207435181,165.0,641.9030843962607,1784496821.8016155,raster_data/images/session_20260719_143156/raster_0001.jpg
1,76.74260914374878,165.0,640.7803089378816,1784496821.8120437,raster_data/images/session_20260719_143156/raster_0001.jpg
1,79.36709702064087,165.0,640.7803089378816,1784496821.820792,raster_data/images/session_20260719_143156/raster_0001.jpg
1,82.45364010383179,165.0,640.9844499303142,1784496821.8310804,raster_data/images/session_20260719_143156/raster_0001.jpg
1,85.589464307323,165.0,641.1885909227467,1784496821.8415332,raster_data/images/session_20260719_143156/raster_0001.jpg
1,88.7430983786731,165.0,640.7292736897735,1784496821.8520453,raster_data/images/session_20260719_143156/raster_0001.jpg
1,91.84695065070679,165.0,641.1885909227467,1784496821.8623915,raster_data/images/session_20260719_143156/raster_0001.jpg
1,94.15050327827026,165.0,641.0865204265305,1784496821.87007,raster_data/images/session_20260719_143156/raster_0001.jpg
1,97.27760136176636,165.0,640.7803089378816,1784496821.8804936,raster_data/images/session_20260719_143156/raster_0001.jpg
1,100.9078818564563,165.0,641.6479081557201,1784496821.8925946,raster_data/images/session_20260719_143156/raster_0001.jpg
1,103.26257526923706,165.0,640.1168507124759,1784496821.9004436,raster_data/images/session_20260719_143156/raster_0001.jpg
1,106.34089291144898,165.0,641.3416966670712,1784496821.9107046,raster_data/images/session_20260719_143156/raster_0001.jpg
1,109.46706116248657,165.0,641.3927319151794,1784496821.9211252,raster_data/images/session_20260719_143156/raster_0001.jpg
1,112.58292973090698,165.0,642.2092958849097,1784496821.9315114,raster_data/images/session_20260719_143156/raster_0001.jpg
1,115.6577426200061,165.0,642.7706836140993,1784496821.9417608,raster_data/images/session_20260719_143156/raster_0001.jpg
1,118.73920738746216,165.0,642.0561901405853,1784496821.9520323,raster_data/images/session_20260719_143156/raster_0001.jpg
1,122.70415604163696,165.0,641.8520491481524,1784496821.9652488,raster_data/images/session_20260719_143156/raster_0001.jpg
1,125.88854610969116,165.0,642.3624016292341,1784496821.9758635,raster_data/images/session_20260719_143156/raster_0001.jpg
1,128.85363876868774,165.0,641.6989434038283,1784496821.985747,raster_data/images/session_20260719_143156/raster_0001.jpg
1,131.9872456793933,165.0,642.5155073735584,1784496821.9961925,raster_data/images/session_20260719_143156/raster_0001.jpg
1,135.26547730018189,165.0,642.6686131178828,1784496822.00712,raster_data/images/session_20260719_143156/raster_0001.jpg
1,136.96707069922974,165.0,642.3624016292341,1784496822.0127919,raster_data/images/session_20260719_143156/raster_0001.jpg
1,140.0842267279773,165.0,642.1582606368015,1784496822.0231824,raster_data/images/session_20260719_143156/raster_0001.jpg
1,144.1146928076892,165.0,641.9030843962607,1784496822.0366173,raster_data/images/session_20260719_143156/raster_0001.jpg
1,147.10803806830933,165.0,642.4644721254505,1784496822.046595,raster_data/images/session_20260719_143156/raster_0001.jpg
1,151.55714333106567,165.0,641.6989434038283,1784496822.0614254,raster_data/images/session_20260719_143156/raster_0001.jpg
1,154.01068508674194,165.0,641.2906614189629,1784496822.069604,raster_data/images/session_20260719_143156/raster_0001.jpg
1,155.78230202247192,165.0,641.596872907612,1784496822.0755093,raster_data/images/session_20260719_143156/raster_0001.jpg
1,158.2863408332019,165.0,641.4948024113957,1784496822.083856,raster_data/images/session_20260719_143156/raster_0001.jpg
1,161.93779289771606,165.0,641.4948024113958,1784496822.0960276,raster_data/images/session_20260719_143156/raster_0001.jpg
1,168.07397186805298,165.0,641.5458376595037,1784496822.1164815,raster_data/images/session_20260719_143156/raster_0001.jpg
1,168.25929462958862,165.0,641.3927319151794,1784496822.1170993,raster_data/images/session_20260719_143156/raster_0001.jpg
1,169.759800291513,165.0,641.6989434038283,1784496822.1221027,raster_data/images/session_20260719_143156/raster_0001.jpg
1,172.7177382852547,165.0,641.1885909227467,1784496822.132573,raster_data/images/session_20260719_143156/raster_0001.jpg
1,175.65830706681638,165.0,641.5458376595037,1784496822.1443777,raster_data/images/session_20260719_143156/raster_0001.jpg
1,177.60515811607863,165.0,640.882379434098,1784496822.1533084,raster_data/images/session_20260719_143156/raster_0001.jpg
1,179.5067303924985,165.0,640.882379434098,1784496822.1633403,raster_data/images/session_20260719_143156/raster_0001.jpg
1,181.3135648709001,165.0,641.6989434038283,1784496822.174829,raster_data/images/session_20260719_143156/raster_0001.jpg
1,182.68279445348776,165.0,642.2092958849097,1784496822.1859255,raster_data/images/session_20260719_143156/raster_0001.jpg
1,184.09997409343424,165.0,642.5665426216667,1784496822.203582,raster_data/images/session_20260719_143156/raster_0001.jpg
1,184.33451514985,165.0,642.0561901405853,1784496822.2086635,raster_data/images/session_20260719_143156/raster_0001.jpg
1,184.4519978947107,165.0,641.8520491481528,1784496822.2121987,raster_data/images/session_20260719_143156/raster_0001.jpg
1,184.58192874469103,165.0,641.7499786519365,1784496822.2212903,raster_data/images/session_20260719_143156/raster_0001.jpg
1,184.4335260275665,165.09897736949597,642.1072253886935,1784496822.2324152,raster_data/images/session_20260719_143156/raster_0001.jpg
1,184.13090504883567,165.30071392936665,642.3624016292341,1784496822.2405195,raster_data/images/session_20260719_143156/raster_0001.jpg
1,183.46953000313346,165.74160711219838,642.5665426216667,1784496822.2513635,raster_data/images/session_20260719_143156/raster_0001.jpg
1,182.45163362088098,166.42016851042544,642.1072253886933,1784496822.2628229,raster_data/images/session_20260719_143156/raster_0001.jpg
1,181.54908301178884,167.02183682750996,642.2092958849096,1784496822.2708037,raster_data/images/session_20260719_143156/raster_0001.jpg
1,180.0858333020565,167.99728461011645,642.2603311330179,1784496822.2815285,raster_data/images/session_20260719_143156/raster_0001.jpg
1,178.17922819216892,169.26828689658623,642.4644721254505,1784496822.2931325,raster_data/images/session_20260719_143156/raster_0001.jpg
1,176.38585509719107,170.46380519892867,641.6989434038283,1784496822.3025448,raster_data/images/session_20260719_143156/raster_0001.jpg
1,174.7500606625576,171.55427666353955,640.3720269530165,1784496822.3102639,raster_data/images/session_20260719_143156/raster_0001.jpg
1,171.83754686284718,173.49584897948964,640.7292736897735,1784496822.322564,raster_data/images/session_20260719_143156/raster_0001.jpg
1,169.88918240086807,174.79468934932265,640.5251326973408,1784496822.3303692,raster_data/images/session_20260719_143156/raster_0001.jpg
1,167.26033656378146,176.54715977562432,640.6782384416654,1784496822.3409007,raster_data/images/session_20260719_143156/raster_0001.jpg
1,164.45586535167809,178.41670754114577,640.6782384416654,1784496822.3521357,raster_data/images/session_20260719_143156/raster_0001.jpg
1,161.89492481885924,180.1239101788843,640.6782384416654,1784496822.362395,raster_data/images/session_20260719_143156/raster_0001.jpg
1,159.542527630656,181.6920913346915,640.3209917049084,1784496822.371819,raster_data/images/session_20260719_143156/raster_0001.jpg
1,157.30938609386837,183.18077296286307,640.882379434098,1784496822.3812134,raster_data/images/session_20260719_143156/raster_0001.jpg
1,155.08940882142736,184.66067888284135,640.7292736897735,1784496822.391637,raster_data/images/session_20260719_143156/raster_0001.jpg
1,153.07719860922535,186.00208081620625,640.1168507124759,1784496822.4024265,raster_data/images/session_20260719_143156/raster_0001.jpg
1,151.8196583733423,186.84039626330443,640.1168507124759,1784496822.4101212,raster_data/images/session_20260719_143156/raster_0001.jpg
1,150.3583392947299,187.81455702713862,640.9334146822061,1784496822.420494,raster_data/images/session_20260719_143156/raster_0001.jpg
1,149.15263089862026,188.61831975719943,641.5458376595037,1784496822.4309943,raster_data/images/session_20260719_143156/raster_0001.jpg
1,148.196662645753,189.255597937608,641.5458376595037,1784496822.4418337,raster_data/images/session_20260719_143156/raster_0001.jpg
1,147.41725131455527,189.77517778081486,642.1582606368015,1784496822.455307,raster_data/images/session_20260719_143156/raster_0001.jpg
1,147.24572582767777,189.8895220070411,641.3416966670712,1784496822.460222,raster_data/images/session_20260719_143156/raster_0001.jpg
1,147.0712686293565,190.0,641.1885909227467,1784496822.4741578,raster_data/images/session_20260719_143156/raster_0001.jpg
1,146.89295815596836,190.0,640.8313441859899,1784496822.4829118,raster_data/images/session_20260719_143156/raster_0001.jpg
1,146.4880788018117,190.0,640.2699564568002,1784496822.49161,raster_data/images/session_20260719_143156/raster_0001.jpg
1,145.30686982036215,190.0,640.7803089378816,1784496822.5061266,raster_data/images/session_20260719_143156/raster_0001.jpg
1,144.8111311414277,190.0,641.4437671632875,1784496822.510637,raster_data/images/session_20260719_143156/raster_0001.jpg
1,143.37200252944152,190.0,640.5761679454491,1784496822.5214643,raster_data/images/session_20260719_143156/raster_0001.jpg
1,141.82682394555403,190.0,639.7085687276107,1784496822.5309238,raster_data/images/session_20260719_143156/raster_0001.jpg
1,140.02532017432412,190.0,640.6272031935573,1784496822.5403244,raster_data/images/session_20260719_143156/raster_0001.jpg
1,137.70134842315505,190.0,639.1982162465291,1784496822.5508175,raster_data/images/session_20260719_143156/raster_0001.jpg
1,135.0652517746048,190.0,639.0961457503129,1784496822.5612428,raster_data/images/session_20260719_143156/raster_0001.jpg
1,131.99960404825381,190.0,637.7692292995011,1784496822.5720131,raster_data/images/session_20260719_143156/raster_0001.jpg
1,128.98587399912049,190.0,638.5857932692315,1784496822.582059,raster_data/images/session_20260719_143156/raster_0001.jpg
1,126.52281934213808,190.0,639.0961457503129,1784496822.590269,raster_data/images/session_20260719_143156/raster_0001.jpg
1,123.36568051767519,190.0,638.07544078815,1784496822.600793,raster_data/images/session_20260719_143156/raster_0001.jpg
1,120.1120536942499,190.0,638.1775112843662,1784496822.6116383,raster_data/images/session_20260719_143156/raster_0001.jpg
1,116.85048753214052,190.0,637.8202645476093,1784496822.6225102,raster_data/images/session_20260719_143156/raster_0001.jpg
1,114.61152249765566,190.0,637.7181940513929,1784496822.6299734,raster_data/images/session_20260719_143156/raster_0001.jpg
1,111.408678831579,190.0,637.5140530589604,1784496822.6406496,raster_data/images/session_20260719_143156/raster_0001.jpg
1,108.31970387888124,190.0,637.7181940513929,1784496822.6509461,raster_data/images/session_20260719_143156/raster_0001.jpg
1,105.15505486917665,190.0,635.4216078865265,1784496822.661495,raster_data/images/session_20260719_143156/raster_0001.jpg
1,101.87777492397413,190.0,638.789934261664,1784496822.6724818,raster_data/images/session_20260719_143156/raster_0001.jpg
1,99.51869599680956,190.0,637.4630178108523,1784496822.6810107,raster_data/images/session_20260719_143156/raster_0001.jpg
1,96.83975273878087,190.0,637.7181940513929,1784496822.6918316,raster_data/images/session_20260719_143156/raster_0001.jpg
1,94.55554011923604,190.0,637.7181940513929,1784496822.7024343,raster_data/images/session_20260719_143156/raster_0001.jpg
1,93.08795087739837,190.0,638.1264760362582,1784496822.7102485,raster_data/images/session_20260719_143156/raster_0001.jpg
1,90.60707256771411,190.0,637.7692292995011,1784496822.7266204,raster_data/images/session_20260719_143156/raster_0001.jpg
1,89.9696772405823,190.0,637.3609473146361,1784496822.7319796,raster_data/images/session_20260719_143156/raster_0001.jpg
1,88.98064083182962,190.0,636.1361013600406,1784496822.742354,raster_data/images/session_20260719_143156/raster_0001.jpg
1,88.2555948080788,190.0,635.982995615716,1784496822.7539876,raster_data/images/session_20260719_143156/raster_0001.jpg
1,88.01508836346204,190.0,634.8602201573369,1784496822.7609832,raster_data/images/session_20260719_143156/raster_0001.jpg
